{
  "id": "4765931",
  "name": "大作业",
  "font_family": "iconfont",
  "css_prefix_text": "icon-",
  "description": "",
  "glyphs": [
    {
      "icon_id": "2471346",
      "name": "登录",
      "font_class": "denglu",
      "unicode": "e66b",
      "unicode_decimal": 58987
    },
    {
      "icon_id": "2480672",
      "name": "退出登录",
      "font_class": "tuichudenglu",
      "unicode": "e631",
      "unicode_decimal": 58929
    },
    {
      "icon_id": "3893546",
      "name": "中国结",
      "font_class": "zhongguojie",
      "unicode": "e62c",
      "unicode_decimal": 58924
    },
    {
      "icon_id": "7460080",
      "name": "中国结",
      "font_class": "zhongguojie1",
      "unicode": "e7b2",
      "unicode_decimal": 59314
    },
    {
      "icon_id": "11855586",
      "name": "退出登录",
      "font_class": "tuichudenglu1",
      "unicode": "e62d",
      "unicode_decimal": 58925
    },
    {
      "icon_id": "12959359",
      "name": "退出登录",
      "font_class": "tuichudenglu2",
      "unicode": "e632",
      "unicode_decimal": 58930
    },
    {
      "icon_id": "13769356",
      "name": "登录-微信登录",
      "font_class": "denglu-weixindenglu",
      "unicode": "e62e",
      "unicode_decimal": 58926
    },
    {
      "icon_id": "23359063",
      "name": "火箭",
      "font_class": "huojian",
      "unicode": "e6fb",
      "unicode_decimal": 59131
    },
    {
      "icon_id": "42232307",
      "name": "rocket-line",
      "font_class": "rocket-line",
      "unicode": "e86c",
      "unicode_decimal": 59500
    },
    {
      "icon_id": "42559513",
      "name": "箭头上行-左转",
      "font_class": "jiantoushanghang-zuozhuan",
      "unicode": "e6cc",
      "unicode_decimal": 59084
    },
    {
      "icon_id": "42559514",
      "name": "箭头上、直行",
      "font_class": "jiantoushang",
      "unicode": "e6cd",
      "unicode_decimal": 59085
    },
    {
      "icon_id": "42559515",
      "name": "箭头右行-上",
      "font_class": "jiantouyouhang-shang",
      "unicode": "e6ce",
      "unicode_decimal": 59086
    },
    {
      "icon_id": "42559516",
      "name": "箭头上行-右转",
      "font_class": "jiantoushanghang-youzhuan",
      "unicode": "e6cf",
      "unicode_decimal": 59087
    },
    {
      "icon_id": "42559517",
      "name": "箭头下行-右转",
      "font_class": "jiantouxiahang-youzhuan",
      "unicode": "e6d0",
      "unicode_decimal": 59088
    },
    {
      "icon_id": "42559518",
      "name": "箭头右行-下",
      "font_class": "jiantouyouhang-xia",
      "unicode": "e6d1",
      "unicode_decimal": 59089
    },
    {
      "icon_id": "42559519",
      "name": "上",
      "font_class": "shang",
      "unicode": "e6d2",
      "unicode_decimal": 59090
    },
    {
      "icon_id": "42559520",
      "name": "箭头右",
      "font_class": "jiantouyou",
      "unicode": "e6d3",
      "unicode_decimal": 59091
    },
    {
      "icon_id": "42559521",
      "name": "箭头左行-上",
      "font_class": "jiantouzuohang-shang",
      "unicode": "e6d4",
      "unicode_decimal": 59092
    },
    {
      "icon_id": "42559522",
      "name": "上边",
      "font_class": "shangbian",
      "unicode": "e6d5",
      "unicode_decimal": 59093
    },
    {
      "icon_id": "42559523",
      "name": "箭头下行-右转 2",
      "font_class": "a-jiantouxiahang-youzhuan2",
      "unicode": "e6d6",
      "unicode_decimal": 59094
    },
    {
      "icon_id": "42559524",
      "name": "箭头下",
      "font_class": "jiantouxia",
      "unicode": "e6d7",
      "unicode_decimal": 59095
    },
    {
      "icon_id": "42559525",
      "name": "箭头左行-下",
      "font_class": "jiantouzuohang-xia",
      "unicode": "e6d8",
      "unicode_decimal": 59096
    },
    {
      "icon_id": "42559526",
      "name": "箭头左",
      "font_class": "jiantouzuo",
      "unicode": "e6d9",
      "unicode_decimal": 59097
    },
    {
      "icon_id": "42559527",
      "name": "下",
      "font_class": "xia",
      "unicode": "e6da",
      "unicode_decimal": 59098
    },
    {
      "icon_id": "42559528",
      "name": "上左箭头",
      "font_class": "shangzuojiantou",
      "unicode": "e6db",
      "unicode_decimal": 59099
    },
    {
      "icon_id": "42559529",
      "name": "上右箭头",
      "font_class": "shangyoujiantou",
      "unicode": "e6dc",
      "unicode_decimal": 59100
    },
    {
      "icon_id": "42559530",
      "name": "下边，更多",
      "font_class": "xiabian",
      "unicode": "e6dd",
      "unicode_decimal": 59101
    },
    {
      "icon_id": "42559531",
      "name": "下边 2；下拉",
      "font_class": "a-xiabian2",
      "unicode": "e6de",
      "unicode_decimal": 59102
    },
    {
      "icon_id": "42559532",
      "name": "左边",
      "font_class": "zuobian",
      "unicode": "e6df",
      "unicode_decimal": 59103
    },
    {
      "icon_id": "42559533",
      "name": "下右箭头",
      "font_class": "xiayoujiantou",
      "unicode": "e6e0",
      "unicode_decimal": 59104
    },
    {
      "icon_id": "42559534",
      "name": "左",
      "font_class": "zuo",
      "unicode": "e6e1",
      "unicode_decimal": 59105
    },
    {
      "icon_id": "42559535",
      "name": "下左箭头",
      "font_class": "xiazuojiantou",
      "unicode": "e6e2",
      "unicode_decimal": 59106
    },
    {
      "icon_id": "42559536",
      "name": "右",
      "font_class": "you",
      "unicode": "e6e3",
      "unicode_decimal": 59107
    },
    {
      "icon_id": "42570916",
      "name": "倒彩",
      "font_class": "daocai",
      "unicode": "e6e4",
      "unicode_decimal": 59108
    },
    {
      "icon_id": "42570917",
      "name": "放大",
      "font_class": "fangda",
      "unicode": "e6e5",
      "unicode_decimal": 59109
    },
    {
      "icon_id": "42570918",
      "name": "电话呼出",
      "font_class": "dianhuahuchu",
      "unicode": "e6e6",
      "unicode_decimal": 59110
    },
    {
      "icon_id": "42570919",
      "name": "点赞",
      "font_class": "dianzan",
      "unicode": "e6e7",
      "unicode_decimal": 59111
    },
    {
      "icon_id": "42570920",
      "name": "人员、我的",
      "font_class": "a-renyuanwode",
      "unicode": "e6e8",
      "unicode_decimal": 59112
    },
    {
      "icon_id": "42570921",
      "name": "好友",
      "font_class": "haoyou",
      "unicode": "e6e9",
      "unicode_decimal": 59113
    },
    {
      "icon_id": "42570922",
      "name": "电话",
      "font_class": "dianhua",
      "unicode": "e6ea",
      "unicode_decimal": 59114
    },
    {
      "icon_id": "42570923",
      "name": "人员添加失败",
      "font_class": "renyuantianjiashibai",
      "unicode": "e6eb",
      "unicode_decimal": 59115
    },
    {
      "icon_id": "42570924",
      "name": "打电话",
      "font_class": "dadianhua",
      "unicode": "e6ec",
      "unicode_decimal": 59116
    },
    {
      "icon_id": "42570925",
      "name": "提示1",
      "font_class": "tishi1",
      "unicode": "e6ed",
      "unicode_decimal": 59117
    },
    {
      "icon_id": "42570926",
      "name": "提示3",
      "font_class": "tishi3",
      "unicode": "e6ee",
      "unicode_decimal": 59118
    },
    {
      "icon_id": "42570927",
      "name": "删除减掉人员",
      "font_class": "shanchujiandiaorenyuan",
      "unicode": "e6ef",
      "unicode_decimal": 59119
    },
    {
      "icon_id": "42570928",
      "name": "提示2",
      "font_class": "tishi2",
      "unicode": "e6f0",
      "unicode_decimal": 59120
    },
    {
      "icon_id": "42570929",
      "name": "人员添加成功",
      "font_class": "renyuantianjiachenggong",
      "unicode": "e6f1",
      "unicode_decimal": 59121
    },
    {
      "icon_id": "42570930",
      "name": "缩小",
      "font_class": "suoxiao",
      "unicode": "e6f2",
      "unicode_decimal": 59122
    },
    {
      "icon_id": "42570931",
      "name": "提示4",
      "font_class": "tishi4",
      "unicode": "e6f3",
      "unicode_decimal": 59123
    },
    {
      "icon_id": "42570932",
      "name": "挂断电话",
      "font_class": "guaduandianhua",
      "unicode": "e6f4",
      "unicode_decimal": 59124
    },
    {
      "icon_id": "42570933",
      "name": "无法接通",
      "font_class": "wufajietong",
      "unicode": "e6f5",
      "unicode_decimal": 59125
    },
    {
      "icon_id": "42570934",
      "name": "添加人员",
      "font_class": "tianjiarenyuan",
      "unicode": "e6f6",
      "unicode_decimal": 59126
    },
    {
      "icon_id": "42570935",
      "name": "电话呼入",
      "font_class": "dianhuahuru",
      "unicode": "e6f7",
      "unicode_decimal": 59127
    },
    {
      "icon_id": "42571354",
      "name": "上传2@2x",
      "font_class": "a-shangchuan22x",
      "unicode": "e6f8",
      "unicode_decimal": 59128
    },
    {
      "icon_id": "42571355",
      "name": "上传3@2x",
      "font_class": "a-shangchuan32x",
      "unicode": "e6f9",
      "unicode_decimal": 59129
    },
    {
      "icon_id": "42571356",
      "name": "上传1@2x",
      "font_class": "a-shangchuan12x",
      "unicode": "e6fa",
      "unicode_decimal": 59130
    },
    {
      "icon_id": "42571357",
      "name": "上传4@2x",
      "font_class": "a-shangchuan42x",
      "unicode": "e6fc",
      "unicode_decimal": 59132
    },
    {
      "icon_id": "42571358",
      "name": "上传失败@2x",
      "font_class": "a-shangchuanshibai2x",
      "unicode": "e6fd",
      "unicode_decimal": 59133
    },
    {
      "icon_id": "42571359",
      "name": "转出@2x",
      "font_class": "a-zhuanchu2x",
      "unicode": "e6fe",
      "unicode_decimal": 59134
    },
    {
      "icon_id": "42571360",
      "name": "下载4@2x",
      "font_class": "a-xiazai42x",
      "unicode": "e6ff",
      "unicode_decimal": 59135
    },
    {
      "icon_id": "42571361",
      "name": "转入@2x",
      "font_class": "a-zhuanru2x",
      "unicode": "e700",
      "unicode_decimal": 59136
    },
    {
      "icon_id": "42463589",
      "name": "首页",
      "font_class": "shouye",
      "unicode": "e67c",
      "unicode_decimal": 59004
    },
    {
      "icon_id": "42463590",
      "name": "广告数据管理",
      "font_class": "guanggaoshujuguanli",
      "unicode": "e67d",
      "unicode_decimal": 59005
    },
    {
      "icon_id": "42463593",
      "name": "素材管理",
      "font_class": "sucaiguanli",
      "unicode": "e67e",
      "unicode_decimal": 59006
    },
    {
      "icon_id": "42463594",
      "name": "抖音剧目管理",
      "font_class": "douyinjumuguanli",
      "unicode": "e67f",
      "unicode_decimal": 59007
    },
    {
      "icon_id": "42463595",
      "name": "系统管理",
      "font_class": "xitongguanli",
      "unicode": "e680",
      "unicode_decimal": 59008
    },
    {
      "icon_id": "42463596",
      "name": "账号管理",
      "font_class": "zhanghaoguanli",
      "unicode": "e681",
      "unicode_decimal": 59009
    },
    {
      "icon_id": "42463597",
      "name": "基本配置",
      "font_class": "jibenpeizhi",
      "unicode": "e682",
      "unicode_decimal": 59010
    },
    {
      "icon_id": "42463599",
      "name": "产品管理",
      "font_class": "chanpinguanli",
      "unicode": "e683",
      "unicode_decimal": 59011
    },
    {
      "icon_id": "42463600",
      "name": "本地剧目管理",
      "font_class": "bendijumuguanli",
      "unicode": "e684",
      "unicode_decimal": 59012
    },
    {
      "icon_id": "42463604",
      "name": "运维管理",
      "font_class": "yunweiguanli",
      "unicode": "e685",
      "unicode_decimal": 59013
    },
    {
      "icon_id": "42463605",
      "name": "微信剧目管理",
      "font_class": "weixinjumuguanli",
      "unicode": "e686",
      "unicode_decimal": 59014
    },
    {
      "icon_id": "42468262",
      "name": "Zoom",
      "font_class": "Zoom",
      "unicode": "eba1",
      "unicode_decimal": 60321
    },
    {
      "icon_id": "42584143",
      "name": "工作台",
      "font_class": "gongzuotai",
      "unicode": "e601",
      "unicode_decimal": 58881
    },
    {
      "icon_id": "42602677",
      "name": "白名单统计",
      "font_class": "baimingdantongji",
      "unicode": "e602",
      "unicode_decimal": 58882
    },
    {
      "icon_id": "42602695",
      "name": "菜单设置",
      "font_class": "caidanshezhi",
      "unicode": "e603",
      "unicode_decimal": 58883
    },
    {
      "icon_id": "42602726",
      "name": "出入库报表",
      "font_class": "churukubaobiao",
      "unicode": "e604",
      "unicode_decimal": 58884
    },
    {
      "icon_id": "42602727",
      "name": "初筛",
      "font_class": "chushai",
      "unicode": "e605",
      "unicode_decimal": 58885
    },
    {
      "icon_id": "42602728",
      "name": "发票夹",
      "font_class": "fapiaojia",
      "unicode": "e606",
      "unicode_decimal": 58886
    },
    {
      "icon_id": "42602731",
      "name": "发票账户查询",
      "font_class": "fapiaozhanghuchaxun",
      "unicode": "e607",
      "unicode_decimal": 58887
    },
    {
      "icon_id": "42602739",
      "name": "分销人员",
      "font_class": "fenxiaorenyuan",
      "unicode": "e609",
      "unicode_decimal": 58889
    },
    {
      "icon_id": "42602741",
      "name": "花名册",
      "font_class": "huamingce",
      "unicode": "e60b",
      "unicode_decimal": 58891
    },
    {
      "icon_id": "42602744",
      "name": "会议室预定",
      "font_class": "huiyishiyuding",
      "unicode": "e60c",
      "unicode_decimal": 58892
    },
    {
      "icon_id": "42602745",
      "name": "绩效档案",
      "font_class": "jixiaodangan",
      "unicode": "e60d",
      "unicode_decimal": 58893
    },
    {
      "icon_id": "42602762",
      "name": "绩效模板",
      "font_class": "jixiaomoban",
      "unicode": "e60e",
      "unicode_decimal": 58894
    },
    {
      "icon_id": "42602767",
      "name": "绩效设置汇总",
      "font_class": "jixiaoshezhihuizong",
      "unicode": "e60f",
      "unicode_decimal": 58895
    },
    {
      "icon_id": "42602769",
      "name": "进销存统计",
      "font_class": "jinxiaocuntongji",
      "unicode": "e610",
      "unicode_decimal": 58896
    },
    {
      "icon_id": "42602781",
      "name": "客户档案",
      "font_class": "kehudangan",
      "unicode": "e611",
      "unicode_decimal": 58897
    },
    {
      "icon_id": "42602782",
      "name": "空白市场池",
      "font_class": "kongbaishichangchi",
      "unicode": "e612",
      "unicode_decimal": 58898
    },
    {
      "icon_id": "42602788",
      "name": "库存统计",
      "font_class": "kucuntongji",
      "unicode": "e613",
      "unicode_decimal": 58899
    },
    {
      "icon_id": "42602789",
      "name": "礼品发货",
      "font_class": "lipinfahuo",
      "unicode": "e614",
      "unicode_decimal": 58900
    },
    {
      "icon_id": "42602794",
      "name": "礼品供应商",
      "font_class": "lipingongyingshang",
      "unicode": "e615",
      "unicode_decimal": 58901
    },
    {
      "icon_id": "42602795",
      "name": "礼品管理",
      "font_class": "lipinguanli",
      "unicode": "e616",
      "unicode_decimal": 58902
    },
    {
      "icon_id": "42602796",
      "name": "礼品领用记录",
      "font_class": "lipinlingyongjilu",
      "unicode": "e617",
      "unicode_decimal": 58903
    },
    {
      "icon_id": "42602797",
      "name": "礼物领用",
      "font_class": "liwulingyong",
      "unicode": "e618",
      "unicode_decimal": 58904
    },
    {
      "icon_id": "42602798",
      "name": "流向",
      "font_class": "liuxiang",
      "unicode": "e619",
      "unicode_decimal": 58905
    },
    {
      "icon_id": "42602799",
      "name": "面试",
      "font_class": "mianshi",
      "unicode": "e61a",
      "unicode_decimal": 58906
    },
    {
      "icon_id": "42602800",
      "name": "签到统计",
      "font_class": "qiandaotongji",
      "unicode": "e61b",
      "unicode_decimal": 58907
    },
    {
      "icon_id": "42602801",
      "name": "权限设置",
      "font_class": "quanxianshezhi",
      "unicode": "e61c",
      "unicode_decimal": 58908
    },
    {
      "icon_id": "42602804",
      "name": "人才库",
      "font_class": "rencaiku",
      "unicode": "e61d",
      "unicode_decimal": 58909
    },
    {
      "icon_id": "42602805",
      "name": "人员绩效设置",
      "font_class": "renyuanjixiaoshezhi",
      "unicode": "e61e",
      "unicode_decimal": 58910
    },
    {
      "icon_id": "42602807",
      "name": "日报",
      "font_class": "ri",
      "unicode": "e61f",
      "unicode_decimal": 58911
    },
    {
      "icon_id": "42602808",
      "name": "入职",
      "font_class": "ruzhi",
      "unicode": "e620",
      "unicode_decimal": 58912
    },
    {
      "icon_id": "42602811",
      "name": "审批列表",
      "font_class": "shenpiliebiao",
      "unicode": "e621",
      "unicode_decimal": 58913
    },
    {
      "icon_id": "42602812",
      "name": "试用结束",
      "font_class": "shiyongjieshu",
      "unicode": "e622",
      "unicode_decimal": 58914
    },
    {
      "icon_id": "42602813",
      "name": "试用中",
      "font_class": "shiyongzhong",
      "unicode": "e623",
      "unicode_decimal": 58915
    },
    {
      "icon_id": "42602814",
      "name": "收货人地址簿",
      "font_class": "shouhuorendizhibu",
      "unicode": "e624",
      "unicode_decimal": 58916
    },
    {
      "icon_id": "42602815",
      "name": "我的绩效",
      "font_class": "wodejixiao",
      "unicode": "e625",
      "unicode_decimal": 58917
    },
    {
      "icon_id": "42602816",
      "name": "我考核的",
      "font_class": "wokaohede",
      "unicode": "e626",
      "unicode_decimal": 58918
    },
    {
      "icon_id": "42602818",
      "name": "销量统计",
      "font_class": "xiaoliangtongji",
      "unicode": "e627",
      "unicode_decimal": 58919
    },
    {
      "icon_id": "42602820",
      "name": "月报",
      "font_class": "yuebao",
      "unicode": "e628",
      "unicode_decimal": 58920
    },
    {
      "icon_id": "42602822",
      "name": "战略地图",
      "font_class": "zhanlveditu",
      "unicode": "e629",
      "unicode_decimal": 58921
    },
    {
      "icon_id": "42602823",
      "name": "支付申请",
      "font_class": "zhifushenqing",
      "unicode": "e62a",
      "unicode_decimal": 58922
    },
    {
      "icon_id": "42602824",
      "name": "周报",
      "font_class": "zhoubao",
      "unicode": "e62b",
      "unicode_decimal": 58923
    }
  ]
}
