{
  "id": "4765931",
  "name": "大作业",
  "font_family": "iconfont",
  "css_prefix_text": "icon-",
  "description": "",
  "glyphs": [
    {
      "icon_id": "5830346",
      "name": "包邮",
      "font_class": "baoyou",
      "unicode": "e6ae",
      "unicode_decimal": 59054
    },
    {
      "icon_id": "6429810",
      "name": "包邮",
      "font_class": "baoyou1",
      "unicode": "e687",
      "unicode_decimal": 59015
    },
    {
      "icon_id": "7410153",
      "name": "收起箭头",
      "font_class": "jiantou",
      "unicode": "e688",
      "unicode_decimal": 59016
    },
    {
      "icon_id": "19605180",
      "name": "包邮",
      "font_class": "baoyou11",
      "unicode": "e689",
      "unicode_decimal": 59017
    },
    {
      "icon_id": "577897",
      "name": "信息",
      "font_class": "xinxi",
      "unicode": "e678",
      "unicode_decimal": 59000
    },
    {
      "icon_id": "657506",
      "name": "信息",
      "font_class": "xinxi1",
      "unicode": "e679",
      "unicode_decimal": 59001
    },
    {
      "icon_id": "720974",
      "name": "信息",
      "font_class": "xiazai16",
      "unicode": "e67a",
      "unicode_decimal": 59002
    },
    {
      "icon_id": "954781",
      "name": "信息",
      "font_class": "xinxi2",
      "unicode": "e67b",
      "unicode_decimal": 59003
    },
    {
      "icon_id": "7947753",
      "name": "信息空心",
      "font_class": "xinxikongxin",
      "unicode": "ed1c",
      "unicode_decimal": 60700
    },
    {
      "icon_id": "956",
      "name": "新",
      "font_class": "xin",
      "unicode": "e673",
      "unicode_decimal": 58995
    },
    {
      "icon_id": "1166148",
      "name": "新",
      "font_class": "iconfontzhizuobiaozhun023147",
      "unicode": "e695",
      "unicode_decimal": 59029
    },
    {
      "icon_id": "1418241",
      "name": "新品",
      "font_class": "xinpin",
      "unicode": "e674",
      "unicode_decimal": 58996
    },
    {
      "icon_id": "6010800",
      "name": "新",
      "font_class": "xin1",
      "unicode": "e945",
      "unicode_decimal": 59717
    },
    {
      "icon_id": "6570231",
      "name": "新闻",
      "font_class": "xinwen",
      "unicode": "e675",
      "unicode_decimal": 58997
    },
    {
      "icon_id": "9748107",
      "name": "新闻",
      "font_class": "xinwen1",
      "unicode": "e676",
      "unicode_decimal": 58998
    },
    {
      "icon_id": "9756496",
      "name": "新闻",
      "font_class": "xinwen2",
      "unicode": "e677",
      "unicode_decimal": 58999
    },
    {
      "icon_id": "622424",
      "name": "限购",
      "font_class": "xiangou",
      "unicode": "e668",
      "unicode_decimal": 58984
    },
    {
      "icon_id": "4718652",
      "name": "半颗星星",
      "font_class": "bankexingxing",
      "unicode": "e669",
      "unicode_decimal": 58985
    },
    {
      "icon_id": "5961321",
      "name": "AI",
      "font_class": "wuguan",
      "unicode": "ec5f",
      "unicode_decimal": 60511
    },
    {
      "icon_id": "10891804",
      "name": "半颗星星",
      "font_class": "bankexingxing1",
      "unicode": "e83f",
      "unicode_decimal": 59455
    },
    {
      "icon_id": "12601019",
      "name": "ai",
      "font_class": "ai",
      "unicode": "e68a",
      "unicode_decimal": 59018
    },
    {
      "icon_id": "14963628",
      "name": "百亿补贴",
      "font_class": "baiyibutie",
      "unicode": "e66a",
      "unicode_decimal": 58986
    },
    {
      "icon_id": "15435216",
      "name": "半颗星星",
      "font_class": "bankexingxing2",
      "unicode": "e66d",
      "unicode_decimal": 58989
    },
    {
      "icon_id": "15912194",
      "name": "百亿补贴",
      "font_class": "baiyibutie1",
      "unicode": "e66e",
      "unicode_decimal": 58990
    },
    {
      "icon_id": "18035181",
      "name": "半颗星星",
      "font_class": "bankexingxing3",
      "unicode": "e66f",
      "unicode_decimal": 58991
    },
    {
      "icon_id": "35733359",
      "name": "百亿补贴标签",
      "font_class": "baiyibutiebiaoqian",
      "unicode": "e670",
      "unicode_decimal": 58992
    },
    {
      "icon_id": "38953484",
      "name": "半颗星星",
      "font_class": "a-ziyuan556ldpi",
      "unicode": "e671",
      "unicode_decimal": 58993
    },
    {
      "icon_id": "42030068",
      "name": "百亿补贴",
      "font_class": "baiyibutie2",
      "unicode": "e672",
      "unicode_decimal": 58994
    },
    {
      "icon_id": "1147",
      "name": "竞价",
      "font_class": "jingjia",
      "unicode": "e661",
      "unicode_decimal": 58977
    },
    {
      "icon_id": "1134114",
      "name": "商务-问搭配",
      "font_class": "shangwuwendapei",
      "unicode": "e662",
      "unicode_decimal": 58978
    },
    {
      "icon_id": "7256703",
      "name": "拍卖",
      "font_class": "paimai",
      "unicode": "e665",
      "unicode_decimal": 58981
    },
    {
      "icon_id": "12137659",
      "name": "车轮",
      "font_class": "chelun",
      "unicode": "e666",
      "unicode_decimal": 58982
    },
    {
      "icon_id": "25537472",
      "name": "车",
      "font_class": "che",
      "unicode": "e7c7",
      "unicode_decimal": 59335
    },
    {
      "icon_id": "41217637",
      "name": "车道配置",
      "font_class": "tingcheguanli-chedaopeizhi",
      "unicode": "e667",
      "unicode_decimal": 58983
    },
    {
      "icon_id": "42425598",
      "name": "拍卖_拍卖成功",
      "font_class": "paimai_paimaichenggong",
      "unicode": "e701",
      "unicode_decimal": 59137
    },
    {
      "icon_id": "77161",
      "name": "上升",
      "font_class": "shangsheng",
      "unicode": "e644",
      "unicode_decimal": 58948
    },
    {
      "icon_id": "435190",
      "name": "原产地采购",
      "font_class": "yuanchandicaigou",
      "unicode": "e645",
      "unicode_decimal": 58949
    },
    {
      "icon_id": "1070542",
      "name": "国内-01",
      "font_class": "guonei01",
      "unicode": "e663",
      "unicode_decimal": 58979
    },
    {
      "icon_id": "1131759",
      "name": "国外游",
      "font_class": "guowaiyou",
      "unicode": "e6b7",
      "unicode_decimal": 59063
    },
    {
      "icon_id": "10719789",
      "name": "原产地",
      "font_class": "yuanchandi",
      "unicode": "e646",
      "unicode_decimal": 58950
    },
    {
      "icon_id": "12497282",
      "name": "温度上升",
      "font_class": "wendushangsheng",
      "unicode": "e647",
      "unicode_decimal": 58951
    },
    {
      "icon_id": "13730054",
      "name": "名次2",
      "font_class": "mingci",
      "unicode": "e648",
      "unicode_decimal": 58952
    },
    {
      "icon_id": "13730055",
      "name": "名次3",
      "font_class": "mingci1",
      "unicode": "e649",
      "unicode_decimal": 58953
    },
    {
      "icon_id": "13730056",
      "name": "名次1",
      "font_class": "mingci2",
      "unicode": "e64a",
      "unicode_decimal": 58954
    },
    {
      "icon_id": "15325342",
      "name": "0_round_数字0",
      "font_class": "0_round",
      "unicode": "e64c",
      "unicode_decimal": 58956
    },
    {
      "icon_id": "15325343",
      "name": "4_round_数字4",
      "font_class": "4_round",
      "unicode": "e64d",
      "unicode_decimal": 58957
    },
    {
      "icon_id": "15325344",
      "name": "1_round_数字1_by_climei",
      "font_class": "1_round",
      "unicode": "e64e",
      "unicode_decimal": 58958
    },
    {
      "icon_id": "15325345",
      "name": "8_round_数字8",
      "font_class": "8_round",
      "unicode": "e64f",
      "unicode_decimal": 58959
    },
    {
      "icon_id": "15325346",
      "name": "3_round_数字3",
      "font_class": "3_round",
      "unicode": "e650",
      "unicode_decimal": 58960
    },
    {
      "icon_id": "15325347",
      "name": "2_round_数字2",
      "font_class": "2_round",
      "unicode": "e651",
      "unicode_decimal": 58961
    },
    {
      "icon_id": "15325348",
      "name": "7_round_数字7",
      "font_class": "7_round",
      "unicode": "e652",
      "unicode_decimal": 58962
    },
    {
      "icon_id": "15325349",
      "name": "6_round_数字6",
      "font_class": "6_round",
      "unicode": "e653",
      "unicode_decimal": 58963
    },
    {
      "icon_id": "15325350",
      "name": "5_round_数字5",
      "font_class": "5_round",
      "unicode": "e654",
      "unicode_decimal": 58964
    },
    {
      "icon_id": "15325351",
      "name": "9_round_数字9",
      "font_class": "9_round",
      "unicode": "e655",
      "unicode_decimal": 58965
    },
    {
      "icon_id": "15325362",
      "name": "1_square_数字1_by_climei",
      "font_class": "1_square",
      "unicode": "e656",
      "unicode_decimal": 58966
    },
    {
      "icon_id": "15325363",
      "name": "5_square_数字5",
      "font_class": "5_square",
      "unicode": "e657",
      "unicode_decimal": 58967
    },
    {
      "icon_id": "15325364",
      "name": "0_square_数字0",
      "font_class": "0_square",
      "unicode": "e658",
      "unicode_decimal": 58968
    },
    {
      "icon_id": "15325365",
      "name": "4_square_数字4",
      "font_class": "4_square",
      "unicode": "e659",
      "unicode_decimal": 58969
    },
    {
      "icon_id": "15325366",
      "name": "7_square_数字7",
      "font_class": "7_square",
      "unicode": "e65b",
      "unicode_decimal": 58971
    },
    {
      "icon_id": "15325367",
      "name": "9_square_数字9",
      "font_class": "9_square",
      "unicode": "e65c",
      "unicode_decimal": 58972
    },
    {
      "icon_id": "15325368",
      "name": "2_square_数字2",
      "font_class": "2_square",
      "unicode": "e65d",
      "unicode_decimal": 58973
    },
    {
      "icon_id": "15325369",
      "name": "8_square_数字8",
      "font_class": "8_square",
      "unicode": "e65e",
      "unicode_decimal": 58974
    },
    {
      "icon_id": "15325370",
      "name": "3_square_数字3",
      "font_class": "3_square",
      "unicode": "e65f",
      "unicode_decimal": 58975
    },
    {
      "icon_id": "15325371",
      "name": "6_square_数字6",
      "font_class": "6_square",
      "unicode": "e660",
      "unicode_decimal": 58976
    },
    {
      "icon_id": "5387549",
      "name": "刷新",
      "font_class": "shuaxin",
      "unicode": "eafd",
      "unicode_decimal": 60157
    },
    {
      "icon_id": "8676501",
      "name": "刷新",
      "font_class": "shuaxin1",
      "unicode": "e643",
      "unicode_decimal": 58947
    },
    {
      "icon_id": "1075",
      "name": "照相机",
      "font_class": "zhaoxiangji",
      "unicode": "e600",
      "unicode_decimal": 58880
    },
    {
      "icon_id": "1109",
      "name": "禁止",
      "font_class": "jinzhi",
      "unicode": "e608",
      "unicode_decimal": 58888
    },
    {
      "icon_id": "1114",
      "name": "网络",
      "font_class": "wangluo",
      "unicode": "e60a",
      "unicode_decimal": 58890
    },
    {
      "icon_id": "1253",
      "name": "收藏",
      "font_class": "shoucang",
      "unicode": "e62f",
      "unicode_decimal": 58927
    },
    {
      "icon_id": "1278",
      "name": "单图排列",
      "font_class": "dantupailie",
      "unicode": "e630",
      "unicode_decimal": 58928
    },
    {
      "icon_id": "1327",
      "name": "录音",
      "font_class": "luyin",
      "unicode": "e633",
      "unicode_decimal": 58931
    },
    {
      "icon_id": "1405",
      "name": "药品",
      "font_class": "yaopin",
      "unicode": "e634",
      "unicode_decimal": 58932
    },
    {
      "icon_id": "4393",
      "name": "收藏",
      "font_class": "shoucang1",
      "unicode": "e635",
      "unicode_decimal": 58933
    },
    {
      "icon_id": "5028",
      "name": "喜爱",
      "font_class": "xiai",
      "unicode": "e636",
      "unicode_decimal": 58934
    },
    {
      "icon_id": "108916",
      "name": "日历",
      "font_class": "rili",
      "unicode": "e637",
      "unicode_decimal": 58935
    },
    {
      "icon_id": "201559",
      "name": "火热",
      "font_class": "huore",
      "unicode": "e638",
      "unicode_decimal": 58936
    },
    {
      "icon_id": "577324",
      "name": "圆形选中",
      "font_class": "yuanxingxuanzhong",
      "unicode": "e731",
      "unicode_decimal": 59185
    },
    {
      "icon_id": "577334",
      "name": "店铺",
      "font_class": "dianpu",
      "unicode": "e736",
      "unicode_decimal": 59190
    },
    {
      "icon_id": "631375",
      "name": "火",
      "font_class": "huo",
      "unicode": "e66c",
      "unicode_decimal": 58988
    },
    {
      "icon_id": "681186",
      "name": "扳手",
      "font_class": "banshou",
      "unicode": "e747",
      "unicode_decimal": 59207
    },
    {
      "icon_id": "765644",
      "name": "药瓶",
      "font_class": "shouye1",
      "unicode": "e639",
      "unicode_decimal": 58937
    },
    {
      "icon_id": "880429",
      "name": "扳手",
      "font_class": "editor2",
      "unicode": "e63a",
      "unicode_decimal": 58938
    },
    {
      "icon_id": "1236831",
      "name": "相机",
      "font_class": "05",
      "unicode": "e63b",
      "unicode_decimal": 58939
    },
    {
      "icon_id": "1313806",
      "name": "药店",
      "font_class": "yao",
      "unicode": "e65a",
      "unicode_decimal": 58970
    },
    {
      "icon_id": "2076277",
      "name": " 店铺",
      "font_class": "dianpu1",
      "unicode": "e895",
      "unicode_decimal": 59541
    },
    {
      "icon_id": "2803734",
      "name": "直播",
      "font_class": "zhibo",
      "unicode": "e6ab",
      "unicode_decimal": 59051
    },
    {
      "icon_id": "4354255",
      "name": "形状-椭圆形",
      "font_class": "xingzhuang-tuoyuanxing",
      "unicode": "eb99",
      "unicode_decimal": 60313
    },
    {
      "icon_id": "5080812",
      "name": "扳手",
      "font_class": "banshou1",
      "unicode": "e64b",
      "unicode_decimal": 58955
    },
    {
      "icon_id": "5961307",
      "name": "货物堆",
      "font_class": "huowudui",
      "unicode": "ec54",
      "unicode_decimal": 60500
    },
    {
      "icon_id": "6539452",
      "name": "圆形警告",
      "font_class": "yuanxingjinggao",
      "unicode": "e68d",
      "unicode_decimal": 59021
    },
    {
      "icon_id": "6606727",
      "name": "直播",
      "font_class": "zhibo1",
      "unicode": "e63c",
      "unicode_decimal": 58940
    },
    {
      "icon_id": "6775644",
      "name": "爱心",
      "font_class": "aixin",
      "unicode": "eca1",
      "unicode_decimal": 60577
    },
    {
      "icon_id": "6961679",
      "name": "视屏",
      "font_class": "shiping",
      "unicode": "e63d",
      "unicode_decimal": 58941
    },
    {
      "icon_id": "7342715",
      "name": "圆形售",
      "font_class": "yuanxingshou",
      "unicode": "e63e",
      "unicode_decimal": 58942
    },
    {
      "icon_id": "7947749",
      "name": "方块",
      "font_class": "fangkuai",
      "unicode": "ed1a",
      "unicode_decimal": 60698
    },
    {
      "icon_id": "7947750",
      "name": "方块+",
      "font_class": "fangkuai1",
      "unicode": "ed1b",
      "unicode_decimal": 60699
    },
    {
      "icon_id": "8361795",
      "name": "火",
      "font_class": "huo1",
      "unicode": "e6c2",
      "unicode_decimal": 59074
    },
    {
      "icon_id": "8904907",
      "name": "视屏",
      "font_class": "shiping1",
      "unicode": "e640",
      "unicode_decimal": 58944
    },
    {
      "icon_id": "9209937",
      "name": "瓶子",
      "font_class": "tubiao--copy",
      "unicode": "e641",
      "unicode_decimal": 58945
    },
    {
      "icon_id": "9589588",
      "name": "方块",
      "font_class": "fangkuai2",
      "unicode": "e745",
      "unicode_decimal": 59205
    },
    {
      "icon_id": "11372686",
      "name": "日历",
      "font_class": "rili1",
      "unicode": "e8b4",
      "unicode_decimal": 59572
    },
    {
      "icon_id": "11372739",
      "name": "直播",
      "font_class": "zhibo2",
      "unicode": "e8c1",
      "unicode_decimal": 59585
    },
    {
      "icon_id": "11372756",
      "name": "爱心",
      "font_class": "aixin1",
      "unicode": "e8c3",
      "unicode_decimal": 59587
    },
    {
      "icon_id": "15628570",
      "name": "货物查询",
      "font_class": "huowuchaxun",
      "unicode": "e6ad",
      "unicode_decimal": 59053
    },
    {
      "icon_id": "16276088",
      "name": "代餐",
      "font_class": "daican",
      "unicode": "e642",
      "unicode_decimal": 58946
    },
    {
      "icon_id": "17605490",
      "name": "药丸",
      "font_class": "yaowan",
      "unicode": "e818",
      "unicode_decimal": 59416
    },
    {
      "icon_id": "17605519",
      "name": "农药",
      "font_class": "nongyao",
      "unicode": "e81b",
      "unicode_decimal": 59419
    },
    {
      "icon_id": "18170318",
      "name": "星,星星,星形,半星,实星",
      "font_class": "star",
      "unicode": "e9a1",
      "unicode_decimal": 59809
    },
    {
      "icon_id": "18170517",
      "name": "卡车,运输,货物",
      "font_class": "transport",
      "unicode": "e9cc",
      "unicode_decimal": 59852
    },
    {
      "icon_id": "18170518",
      "name": "卡车,运输,货物",
      "font_class": "transport-full",
      "unicode": "e9cd",
      "unicode_decimal": 59853
    },
    {
      "icon_id": "18175739",
      "name": "圆形",
      "font_class": "radio-on-full",
      "unicode": "ea6a",
      "unicode_decimal": 60010
    },
    {
      "icon_id": "18175743",
      "name": "圆形",
      "font_class": "radio-off-full",
      "unicode": "ea6b",
      "unicode_decimal": 60011
    },
    {
      "icon_id": "28417999",
      "name": "视屏",
      "font_class": "shiping2",
      "unicode": "e664",
      "unicode_decimal": 58980
    },
    {
      "icon_id": "42230773",
      "name": "heart-add-line",
      "font_class": "heart-add-line",
      "unicode": "e81a",
      "unicode_decimal": 59418
    },
    {
      "icon_id": "624530",
      "name": "购物车",
      "font_class": "gouwuche",
      "unicode": "e63f",
      "unicode_decimal": 58943
    },
    {
      "icon_id": "5460560",
      "name": "客服",
      "font_class": "kefu",
      "unicode": "ec2e",
      "unicode_decimal": 60462
    },
    {
      "icon_id": "2471346",
      "name": "登录",
      "font_class": "denglu",
      "unicode": "e66b",
      "unicode_decimal": 58987
    },
    {
      "icon_id": "2480672",
      "name": "退出登录",
      "font_class": "tuichudenglu",
      "unicode": "e631",
      "unicode_decimal": 58929
    },
    {
      "icon_id": "3893546",
      "name": "中国结",
      "font_class": "zhongguojie",
      "unicode": "e62c",
      "unicode_decimal": 58924
    },
    {
      "icon_id": "7460080",
      "name": "中国结",
      "font_class": "zhongguojie1",
      "unicode": "e7b2",
      "unicode_decimal": 59314
    },
    {
      "icon_id": "11855586",
      "name": "退出登录",
      "font_class": "tuichudenglu1",
      "unicode": "e62d",
      "unicode_decimal": 58925
    },
    {
      "icon_id": "12959359",
      "name": "退出登录",
      "font_class": "tuichudenglu2",
      "unicode": "e632",
      "unicode_decimal": 58930
    },
    {
      "icon_id": "13769356",
      "name": "登录-微信登录",
      "font_class": "denglu-weixindenglu",
      "unicode": "e62e",
      "unicode_decimal": 58926
    },
    {
      "icon_id": "23359063",
      "name": "火箭",
      "font_class": "huojian",
      "unicode": "e6fb",
      "unicode_decimal": 59131
    },
    {
      "icon_id": "42232307",
      "name": "rocket-line",
      "font_class": "rocket-line",
      "unicode": "e86c",
      "unicode_decimal": 59500
    },
    {
      "icon_id": "42559513",
      "name": "箭头上行-左转",
      "font_class": "jiantoushanghang-zuozhuan",
      "unicode": "e6cc",
      "unicode_decimal": 59084
    },
    {
      "icon_id": "42559514",
      "name": "箭头上、直行",
      "font_class": "jiantoushang",
      "unicode": "e6cd",
      "unicode_decimal": 59085
    },
    {
      "icon_id": "42559515",
      "name": "箭头右行-上",
      "font_class": "jiantouyouhang-shang",
      "unicode": "e6ce",
      "unicode_decimal": 59086
    },
    {
      "icon_id": "42559516",
      "name": "箭头上行-右转",
      "font_class": "jiantoushanghang-youzhuan",
      "unicode": "e6cf",
      "unicode_decimal": 59087
    },
    {
      "icon_id": "42559517",
      "name": "箭头下行-右转",
      "font_class": "jiantouxiahang-youzhuan",
      "unicode": "e6d0",
      "unicode_decimal": 59088
    },
    {
      "icon_id": "42559518",
      "name": "箭头右行-下",
      "font_class": "jiantouyouhang-xia",
      "unicode": "e6d1",
      "unicode_decimal": 59089
    },
    {
      "icon_id": "42559519",
      "name": "上",
      "font_class": "shang",
      "unicode": "e6d2",
      "unicode_decimal": 59090
    },
    {
      "icon_id": "42559520",
      "name": "箭头右",
      "font_class": "jiantouyou",
      "unicode": "e6d3",
      "unicode_decimal": 59091
    },
    {
      "icon_id": "42559521",
      "name": "箭头左行-上",
      "font_class": "jiantouzuohang-shang",
      "unicode": "e6d4",
      "unicode_decimal": 59092
    },
    {
      "icon_id": "42559522",
      "name": "上边",
      "font_class": "shangbian",
      "unicode": "e6d5",
      "unicode_decimal": 59093
    },
    {
      "icon_id": "42559523",
      "name": "箭头下行-右转 2",
      "font_class": "a-jiantouxiahang-youzhuan2",
      "unicode": "e6d6",
      "unicode_decimal": 59094
    },
    {
      "icon_id": "42559524",
      "name": "箭头下",
      "font_class": "jiantouxia",
      "unicode": "e6d7",
      "unicode_decimal": 59095
    },
    {
      "icon_id": "42559525",
      "name": "箭头左行-下",
      "font_class": "jiantouzuohang-xia",
      "unicode": "e6d8",
      "unicode_decimal": 59096
    },
    {
      "icon_id": "42559526",
      "name": "箭头左",
      "font_class": "jiantouzuo",
      "unicode": "e6d9",
      "unicode_decimal": 59097
    },
    {
      "icon_id": "42559527",
      "name": "下",
      "font_class": "xia",
      "unicode": "e6da",
      "unicode_decimal": 59098
    },
    {
      "icon_id": "42559528",
      "name": "上左箭头",
      "font_class": "shangzuojiantou",
      "unicode": "e6db",
      "unicode_decimal": 59099
    },
    {
      "icon_id": "42559529",
      "name": "上右箭头",
      "font_class": "shangyoujiantou",
      "unicode": "e6dc",
      "unicode_decimal": 59100
    },
    {
      "icon_id": "42559530",
      "name": "下边，更多",
      "font_class": "xiabian",
      "unicode": "e6dd",
      "unicode_decimal": 59101
    },
    {
      "icon_id": "42559531",
      "name": "下边 2；下拉",
      "font_class": "a-xiabian2",
      "unicode": "e6de",
      "unicode_decimal": 59102
    },
    {
      "icon_id": "42559532",
      "name": "左边",
      "font_class": "zuobian",
      "unicode": "e6df",
      "unicode_decimal": 59103
    },
    {
      "icon_id": "42559533",
      "name": "下右箭头",
      "font_class": "xiayoujiantou",
      "unicode": "e6e0",
      "unicode_decimal": 59104
    },
    {
      "icon_id": "42559534",
      "name": "左",
      "font_class": "zuo",
      "unicode": "e6e1",
      "unicode_decimal": 59105
    },
    {
      "icon_id": "42559535",
      "name": "下左箭头",
      "font_class": "xiazuojiantou",
      "unicode": "e6e2",
      "unicode_decimal": 59106
    },
    {
      "icon_id": "42559536",
      "name": "右",
      "font_class": "you",
      "unicode": "e6e3",
      "unicode_decimal": 59107
    },
    {
      "icon_id": "42570916",
      "name": "倒彩",
      "font_class": "daocai",
      "unicode": "e6e4",
      "unicode_decimal": 59108
    },
    {
      "icon_id": "42570917",
      "name": "放大",
      "font_class": "fangda",
      "unicode": "e6e5",
      "unicode_decimal": 59109
    },
    {
      "icon_id": "42570918",
      "name": "电话呼出",
      "font_class": "dianhuahuchu",
      "unicode": "e6e6",
      "unicode_decimal": 59110
    },
    {
      "icon_id": "42570919",
      "name": "点赞",
      "font_class": "dianzan",
      "unicode": "e6e7",
      "unicode_decimal": 59111
    },
    {
      "icon_id": "42570920",
      "name": "人员、我的",
      "font_class": "a-renyuanwode",
      "unicode": "e6e8",
      "unicode_decimal": 59112
    },
    {
      "icon_id": "42570921",
      "name": "好友",
      "font_class": "haoyou",
      "unicode": "e6e9",
      "unicode_decimal": 59113
    },
    {
      "icon_id": "42570922",
      "name": "电话",
      "font_class": "dianhua",
      "unicode": "e6ea",
      "unicode_decimal": 59114
    },
    {
      "icon_id": "42570923",
      "name": "人员添加失败",
      "font_class": "renyuantianjiashibai",
      "unicode": "e6eb",
      "unicode_decimal": 59115
    },
    {
      "icon_id": "42570924",
      "name": "打电话",
      "font_class": "dadianhua",
      "unicode": "e6ec",
      "unicode_decimal": 59116
    },
    {
      "icon_id": "42570925",
      "name": "提示1",
      "font_class": "tishi1",
      "unicode": "e6ed",
      "unicode_decimal": 59117
    },
    {
      "icon_id": "42570926",
      "name": "提示3",
      "font_class": "tishi3",
      "unicode": "e6ee",
      "unicode_decimal": 59118
    },
    {
      "icon_id": "42570927",
      "name": "删除减掉人员",
      "font_class": "shanchujiandiaorenyuan",
      "unicode": "e6ef",
      "unicode_decimal": 59119
    },
    {
      "icon_id": "42570928",
      "name": "提示2",
      "font_class": "tishi2",
      "unicode": "e6f0",
      "unicode_decimal": 59120
    },
    {
      "icon_id": "42570929",
      "name": "人员添加成功",
      "font_class": "renyuantianjiachenggong",
      "unicode": "e6f1",
      "unicode_decimal": 59121
    },
    {
      "icon_id": "42570930",
      "name": "缩小",
      "font_class": "suoxiao",
      "unicode": "e6f2",
      "unicode_decimal": 59122
    },
    {
      "icon_id": "42570931",
      "name": "提示4",
      "font_class": "tishi4",
      "unicode": "e6f3",
      "unicode_decimal": 59123
    },
    {
      "icon_id": "42570932",
      "name": "挂断电话",
      "font_class": "guaduandianhua",
      "unicode": "e6f4",
      "unicode_decimal": 59124
    },
    {
      "icon_id": "42570933",
      "name": "无法接通",
      "font_class": "wufajietong",
      "unicode": "e6f5",
      "unicode_decimal": 59125
    },
    {
      "icon_id": "42570934",
      "name": "添加人员",
      "font_class": "tianjiarenyuan",
      "unicode": "e6f6",
      "unicode_decimal": 59126
    },
    {
      "icon_id": "42570935",
      "name": "电话呼入",
      "font_class": "dianhuahuru",
      "unicode": "e6f7",
      "unicode_decimal": 59127
    },
    {
      "icon_id": "42571354",
      "name": "上传2@2x",
      "font_class": "a-shangchuan22x",
      "unicode": "e6f8",
      "unicode_decimal": 59128
    },
    {
      "icon_id": "42571355",
      "name": "上传3@2x",
      "font_class": "a-shangchuan32x",
      "unicode": "e6f9",
      "unicode_decimal": 59129
    },
    {
      "icon_id": "42571356",
      "name": "上传1@2x",
      "font_class": "a-shangchuan12x",
      "unicode": "e6fa",
      "unicode_decimal": 59130
    },
    {
      "icon_id": "42571357",
      "name": "上传4@2x",
      "font_class": "a-shangchuan42x",
      "unicode": "e6fc",
      "unicode_decimal": 59132
    },
    {
      "icon_id": "42571358",
      "name": "上传失败@2x",
      "font_class": "a-shangchuanshibai2x",
      "unicode": "e6fd",
      "unicode_decimal": 59133
    },
    {
      "icon_id": "42571359",
      "name": "转出@2x",
      "font_class": "a-zhuanchu2x",
      "unicode": "e6fe",
      "unicode_decimal": 59134
    },
    {
      "icon_id": "42571360",
      "name": "下载4@2x",
      "font_class": "a-xiazai42x",
      "unicode": "e6ff",
      "unicode_decimal": 59135
    },
    {
      "icon_id": "42571361",
      "name": "转入@2x",
      "font_class": "a-zhuanru2x",
      "unicode": "e700",
      "unicode_decimal": 59136
    },
    {
      "icon_id": "42463589",
      "name": "首页",
      "font_class": "shouye",
      "unicode": "e67c",
      "unicode_decimal": 59004
    },
    {
      "icon_id": "42463590",
      "name": "广告数据管理",
      "font_class": "guanggaoshujuguanli",
      "unicode": "e67d",
      "unicode_decimal": 59005
    },
    {
      "icon_id": "42463593",
      "name": "素材管理",
      "font_class": "sucaiguanli",
      "unicode": "e67e",
      "unicode_decimal": 59006
    },
    {
      "icon_id": "42463594",
      "name": "抖音剧目管理",
      "font_class": "douyinjumuguanli",
      "unicode": "e67f",
      "unicode_decimal": 59007
    },
    {
      "icon_id": "42463595",
      "name": "系统管理",
      "font_class": "xitongguanli",
      "unicode": "e680",
      "unicode_decimal": 59008
    },
    {
      "icon_id": "42463596",
      "name": "账号管理",
      "font_class": "zhanghaoguanli",
      "unicode": "e681",
      "unicode_decimal": 59009
    },
    {
      "icon_id": "42463597",
      "name": "基本配置",
      "font_class": "jibenpeizhi",
      "unicode": "e682",
      "unicode_decimal": 59010
    },
    {
      "icon_id": "42463599",
      "name": "产品管理",
      "font_class": "chanpinguanli",
      "unicode": "e683",
      "unicode_decimal": 59011
    },
    {
      "icon_id": "42463600",
      "name": "本地剧目管理",
      "font_class": "bendijumuguanli",
      "unicode": "e684",
      "unicode_decimal": 59012
    },
    {
      "icon_id": "42463604",
      "name": "运维管理",
      "font_class": "yunweiguanli",
      "unicode": "e685",
      "unicode_decimal": 59013
    },
    {
      "icon_id": "42463605",
      "name": "微信剧目管理",
      "font_class": "weixinjumuguanli",
      "unicode": "e686",
      "unicode_decimal": 59014
    },
    {
      "icon_id": "42468262",
      "name": "Zoom",
      "font_class": "Zoom",
      "unicode": "eba1",
      "unicode_decimal": 60321
    },
    {
      "icon_id": "42584143",
      "name": "工作台",
      "font_class": "gongzuotai",
      "unicode": "e601",
      "unicode_decimal": 58881
    },
    {
      "icon_id": "42602677",
      "name": "白名单统计",
      "font_class": "baimingdantongji",
      "unicode": "e602",
      "unicode_decimal": 58882
    },
    {
      "icon_id": "42602695",
      "name": "菜单设置",
      "font_class": "caidanshezhi",
      "unicode": "e603",
      "unicode_decimal": 58883
    },
    {
      "icon_id": "42602726",
      "name": "出入库报表",
      "font_class": "churukubaobiao",
      "unicode": "e604",
      "unicode_decimal": 58884
    },
    {
      "icon_id": "42602727",
      "name": "初筛",
      "font_class": "chushai",
      "unicode": "e605",
      "unicode_decimal": 58885
    },
    {
      "icon_id": "42602728",
      "name": "发票夹",
      "font_class": "fapiaojia",
      "unicode": "e606",
      "unicode_decimal": 58886
    },
    {
      "icon_id": "42602731",
      "name": "发票账户查询",
      "font_class": "fapiaozhanghuchaxun",
      "unicode": "e607",
      "unicode_decimal": 58887
    },
    {
      "icon_id": "42602739",
      "name": "分销人员",
      "font_class": "fenxiaorenyuan",
      "unicode": "e609",
      "unicode_decimal": 58889
    },
    {
      "icon_id": "42602741",
      "name": "花名册",
      "font_class": "huamingce",
      "unicode": "e60b",
      "unicode_decimal": 58891
    },
    {
      "icon_id": "42602744",
      "name": "会议室预定",
      "font_class": "huiyishiyuding",
      "unicode": "e60c",
      "unicode_decimal": 58892
    },
    {
      "icon_id": "42602745",
      "name": "绩效档案",
      "font_class": "jixiaodangan",
      "unicode": "e60d",
      "unicode_decimal": 58893
    },
    {
      "icon_id": "42602762",
      "name": "绩效模板",
      "font_class": "jixiaomoban",
      "unicode": "e60e",
      "unicode_decimal": 58894
    },
    {
      "icon_id": "42602767",
      "name": "绩效设置汇总",
      "font_class": "jixiaoshezhihuizong",
      "unicode": "e60f",
      "unicode_decimal": 58895
    },
    {
      "icon_id": "42602769",
      "name": "进销存统计",
      "font_class": "jinxiaocuntongji",
      "unicode": "e610",
      "unicode_decimal": 58896
    },
    {
      "icon_id": "42602781",
      "name": "客户档案",
      "font_class": "kehudangan",
      "unicode": "e611",
      "unicode_decimal": 58897
    },
    {
      "icon_id": "42602782",
      "name": "空白市场池",
      "font_class": "kongbaishichangchi",
      "unicode": "e612",
      "unicode_decimal": 58898
    },
    {
      "icon_id": "42602788",
      "name": "库存统计",
      "font_class": "kucuntongji",
      "unicode": "e613",
      "unicode_decimal": 58899
    },
    {
      "icon_id": "42602789",
      "name": "礼品发货",
      "font_class": "lipinfahuo",
      "unicode": "e614",
      "unicode_decimal": 58900
    },
    {
      "icon_id": "42602794",
      "name": "礼品供应商",
      "font_class": "lipingongyingshang",
      "unicode": "e615",
      "unicode_decimal": 58901
    },
    {
      "icon_id": "42602795",
      "name": "礼品管理",
      "font_class": "lipinguanli",
      "unicode": "e616",
      "unicode_decimal": 58902
    },
    {
      "icon_id": "42602796",
      "name": "礼品领用记录",
      "font_class": "lipinlingyongjilu",
      "unicode": "e617",
      "unicode_decimal": 58903
    },
    {
      "icon_id": "42602797",
      "name": "礼物领用",
      "font_class": "liwulingyong",
      "unicode": "e618",
      "unicode_decimal": 58904
    },
    {
      "icon_id": "42602798",
      "name": "流向",
      "font_class": "liuxiang",
      "unicode": "e619",
      "unicode_decimal": 58905
    },
    {
      "icon_id": "42602799",
      "name": "面试",
      "font_class": "mianshi",
      "unicode": "e61a",
      "unicode_decimal": 58906
    },
    {
      "icon_id": "42602800",
      "name": "签到统计",
      "font_class": "qiandaotongji",
      "unicode": "e61b",
      "unicode_decimal": 58907
    },
    {
      "icon_id": "42602801",
      "name": "权限设置",
      "font_class": "quanxianshezhi",
      "unicode": "e61c",
      "unicode_decimal": 58908
    },
    {
      "icon_id": "42602804",
      "name": "人才库",
      "font_class": "rencaiku",
      "unicode": "e61d",
      "unicode_decimal": 58909
    },
    {
      "icon_id": "42602805",
      "name": "人员绩效设置",
      "font_class": "renyuanjixiaoshezhi",
      "unicode": "e61e",
      "unicode_decimal": 58910
    },
    {
      "icon_id": "42602807",
      "name": "日报",
      "font_class": "ri",
      "unicode": "e61f",
      "unicode_decimal": 58911
    },
    {
      "icon_id": "42602808",
      "name": "入职",
      "font_class": "ruzhi",
      "unicode": "e620",
      "unicode_decimal": 58912
    },
    {
      "icon_id": "42602811",
      "name": "审批列表",
      "font_class": "shenpiliebiao",
      "unicode": "e621",
      "unicode_decimal": 58913
    },
    {
      "icon_id": "42602812",
      "name": "试用结束",
      "font_class": "shiyongjieshu",
      "unicode": "e622",
      "unicode_decimal": 58914
    },
    {
      "icon_id": "42602813",
      "name": "试用中",
      "font_class": "shiyongzhong",
      "unicode": "e623",
      "unicode_decimal": 58915
    },
    {
      "icon_id": "42602814",
      "name": "收货人地址簿",
      "font_class": "shouhuorendizhibu",
      "unicode": "e624",
      "unicode_decimal": 58916
    },
    {
      "icon_id": "42602815",
      "name": "我的绩效",
      "font_class": "wodejixiao",
      "unicode": "e625",
      "unicode_decimal": 58917
    },
    {
      "icon_id": "42602816",
      "name": "我考核的",
      "font_class": "wokaohede",
      "unicode": "e626",
      "unicode_decimal": 58918
    },
    {
      "icon_id": "42602818",
      "name": "销量统计",
      "font_class": "xiaoliangtongji",
      "unicode": "e627",
      "unicode_decimal": 58919
    },
    {
      "icon_id": "42602820",
      "name": "月报",
      "font_class": "yuebao",
      "unicode": "e628",
      "unicode_decimal": 58920
    },
    {
      "icon_id": "42602822",
      "name": "战略地图",
      "font_class": "zhanlveditu",
      "unicode": "e629",
      "unicode_decimal": 58921
    },
    {
      "icon_id": "42602823",
      "name": "支付申请",
      "font_class": "zhifushenqing",
      "unicode": "e62a",
      "unicode_decimal": 58922
    },
    {
      "icon_id": "42602824",
      "name": "周报",
      "font_class": "zhoubao",
      "unicode": "e62b",
      "unicode_decimal": 58923
    }
  ]
}
