{
  "id": "4706586",
  "name": "Ikun_web",
  "font_family": "iconfont",
  "css_prefix_text": "icon-",
  "description": "Ikun_2.5_24yes!",
  "glyphs": [
    {
      "icon_id": "42064403",
      "name": "面性 设置",
      "font_class": "a-mianxingshezhi",
      "unicode": "e619",
      "unicode_decimal": 58905
    },
    {
      "icon_id": "42064405",
      "name": "特殊 减",
      "font_class": "a-teshujian",
      "unicode": "e61b",
      "unicode_decimal": 58907
    },
    {
      "icon_id": "42064406",
      "name": "面性 爱心",
      "font_class": "a-mianxingaixin",
      "unicode": "e61c",
      "unicode_decimal": 58908
    },
    {
      "icon_id": "42064407",
      "name": "线性 爱心",
      "font_class": "a-xianxingaixin",
      "unicode": "e61d",
      "unicode_decimal": 58909
    },
    {
      "icon_id": "42064408",
      "name": "特殊 加",
      "font_class": "a-teshujia",
      "unicode": "e61e",
      "unicode_decimal": 58910
    },
    {
      "icon_id": "42064409",
      "name": "特殊 关闭",
      "font_class": "a-teshuguanbi",
      "unicode": "e61f",
      "unicode_decimal": 58911
    },
    {
      "icon_id": "42064410",
      "name": "特殊 上箭头",
      "font_class": "a-teshushangjiantou",
      "unicode": "e621",
      "unicode_decimal": 58913
    },
    {
      "icon_id": "42064411",
      "name": "特殊 左箭头",
      "font_class": "a-teshuzuojiantou",
      "unicode": "e622",
      "unicode_decimal": 58914
    },
    {
      "icon_id": "42064412",
      "name": "特殊 下箭头",
      "font_class": "a-teshuxiajiantou",
      "unicode": "e623",
      "unicode_decimal": 58915
    },
    {
      "icon_id": "42064413",
      "name": "特殊 右箭头",
      "font_class": "a-teshuyoujiantou",
      "unicode": "e624",
      "unicode_decimal": 58916
    },
    {
      "icon_id": "42064415",
      "name": "面性 点赞",
      "font_class": "a-mianxingdianzan",
      "unicode": "e625",
      "unicode_decimal": 58917
    },
    {
      "icon_id": "42064416",
      "name": "特殊 对号",
      "font_class": "a-teshuduihao",
      "unicode": "e626",
      "unicode_decimal": 58918
    },
    {
      "icon_id": "42064417",
      "name": "面性 分享",
      "font_class": "a-mianxingfenxiang",
      "unicode": "e627",
      "unicode_decimal": 58919
    },
    {
      "icon_id": "42064418",
      "name": "特殊 收起",
      "font_class": "a-teshushouqi",
      "unicode": "e628",
      "unicode_decimal": 58920
    },
    {
      "icon_id": "42064419",
      "name": "线性 评论",
      "font_class": "a-xianxingpinglun",
      "unicode": "e629",
      "unicode_decimal": 58921
    },
    {
      "icon_id": "42064420",
      "name": "特殊 感叹号",
      "font_class": "a-teshugantanhao",
      "unicode": "e62a",
      "unicode_decimal": 58922
    },
    {
      "icon_id": "42064422",
      "name": "线性 删除",
      "font_class": "a-xianxingshanchu",
      "unicode": "e62b",
      "unicode_decimal": 58923
    },
    {
      "icon_id": "42064423",
      "name": "线性 分享",
      "font_class": "a-xianxingfenxiang",
      "unicode": "e62c",
      "unicode_decimal": 58924
    },
    {
      "icon_id": "42064424",
      "name": "线性 设置",
      "font_class": "a-xianxingshezhi",
      "unicode": "e62d",
      "unicode_decimal": 58925
    },
    {
      "icon_id": "42064425",
      "name": "线性 首页",
      "font_class": "a-xianxingshouye",
      "unicode": "e62e",
      "unicode_decimal": 58926
    },
    {
      "icon_id": "42065289",
      "name": "特殊 选中框",
      "font_class": "a-teshuxuanzhongkuang",
      "unicode": "e62f",
      "unicode_decimal": 58927
    },
    {
      "icon_id": "42065326",
      "name": "线性 点赞",
      "font_class": "a-xianxingdianzan",
      "unicode": "e630",
      "unicode_decimal": 58928
    },
    {
      "icon_id": "28961981",
      "name": "放大镜pixel_",
      "font_class": "a-fangdajingpixel_huaban1",
      "unicode": "e618",
      "unicode_decimal": 58904
    },
    {
      "icon_id": "1343924",
      "name": "线描色彩－文档",
      "font_class": "icon-test",
      "unicode": "e61a",
      "unicode_decimal": 58906
    },
    {
      "icon_id": "42012101",
      "name": "cross",
      "font_class": "cross",
      "unicode": "e602",
      "unicode_decimal": 58882
    },
    {
      "icon_id": "42012102",
      "name": "error",
      "font_class": "error",
      "unicode": "e604",
      "unicode_decimal": 58884
    },
    {
      "icon_id": "42012103",
      "name": "eye",
      "font_class": "eye",
      "unicode": "e605",
      "unicode_decimal": 58885
    },
    {
      "icon_id": "42012104",
      "name": "jump",
      "font_class": "jump",
      "unicode": "e606",
      "unicode_decimal": 58886
    },
    {
      "icon_id": "42012105",
      "name": "info",
      "font_class": "info",
      "unicode": "e608",
      "unicode_decimal": 58888
    },
    {
      "icon_id": "42012106",
      "name": "eye-cross",
      "font_class": "eye-cross",
      "unicode": "e609",
      "unicode_decimal": 58889
    },
    {
      "icon_id": "42012107",
      "name": "lock",
      "font_class": "lock",
      "unicode": "e60a",
      "unicode_decimal": 58890
    },
    {
      "icon_id": "42012108",
      "name": "menu",
      "font_class": "menu",
      "unicode": "e60b",
      "unicode_decimal": 58891
    },
    {
      "icon_id": "42012109",
      "name": "pass",
      "font_class": "pass",
      "unicode": "e60c",
      "unicode_decimal": 58892
    },
    {
      "icon_id": "42012110",
      "name": "pen",
      "font_class": "pen",
      "unicode": "e60d",
      "unicode_decimal": 58893
    },
    {
      "icon_id": "42012111",
      "name": "question",
      "font_class": "question",
      "unicode": "e60e",
      "unicode_decimal": 58894
    },
    {
      "icon_id": "42012112",
      "name": "add",
      "font_class": "add",
      "unicode": "e60f",
      "unicode_decimal": 58895
    },
    {
      "icon_id": "42012113",
      "name": "light-theme",
      "font_class": "light-theme",
      "unicode": "e610",
      "unicode_decimal": 58896
    },
    {
      "icon_id": "42012114",
      "name": "arrow-down",
      "font_class": "arrow-down",
      "unicode": "e611",
      "unicode_decimal": 58897
    },
    {
      "icon_id": "42012115",
      "name": "announcement",
      "font_class": "announcement",
      "unicode": "e612",
      "unicode_decimal": 58898
    },
    {
      "icon_id": "42012116",
      "name": "warning",
      "font_class": "warning",
      "unicode": "e613",
      "unicode_decimal": 58899
    },
    {
      "icon_id": "42012117",
      "name": "os-theme",
      "font_class": "os-theme",
      "unicode": "e614",
      "unicode_decimal": 58900
    },
    {
      "icon_id": "42012118",
      "name": "copy",
      "font_class": "copy",
      "unicode": "e615",
      "unicode_decimal": 58901
    },
    {
      "icon_id": "42012119",
      "name": "delete",
      "font_class": "delete",
      "unicode": "e616",
      "unicode_decimal": 58902
    },
    {
      "icon_id": "42012121",
      "name": "announcement",
      "font_class": "announcement1",
      "unicode": "e617",
      "unicode_decimal": 58903
    },
    {
      "icon_id": "3804800",
      "name": "热狗",
      "font_class": "regou",
      "unicode": "e646",
      "unicode_decimal": 58950
    },
    {
      "icon_id": "3890639",
      "name": "狗狗",
      "font_class": "gougou",
      "unicode": "e620",
      "unicode_decimal": 58912
    },
    {
      "icon_id": "5482916",
      "name": "狗",
      "font_class": "gou",
      "unicode": "e67f",
      "unicode_decimal": 59007
    },
    {
      "icon_id": "37029099",
      "name": "蔡徐坤-copy",
      "font_class": "caixukun",
      "unicode": "e600",
      "unicode_decimal": 58880
    },
    {
      "icon_id": "42039129",
      "name": "橘猫",
      "font_class": "a-Group46",
      "unicode": "e632",
      "unicode_decimal": 58930
    },
    {
      "icon_id": "42039130",
      "name": "美短",
      "font_class": "a-Group33",
      "unicode": "e633",
      "unicode_decimal": 58931
    },
    {
      "icon_id": "42056086",
      "name": "蓝猫",
      "font_class": "a-Group37",
      "unicode": "e634",
      "unicode_decimal": 58932
    },
    {
      "icon_id": "42056087",
      "name": "布偶",
      "font_class": "a-Group45",
      "unicode": "e635",
      "unicode_decimal": 58933
    },
    {
      "icon_id": "42056106",
      "name": "黑猫",
      "font_class": "heimao",
      "unicode": "e636",
      "unicode_decimal": 58934
    },
    {
      "icon_id": "42056107",
      "name": "黄猫",
      "font_class": "huangmao",
      "unicode": "e637",
      "unicode_decimal": 58935
    },
    {
      "icon_id": "42056108",
      "name": "牛奶猫",
      "font_class": "niunaimao",
      "unicode": "e638",
      "unicode_decimal": 58936
    },
    {
      "icon_id": "42056110",
      "name": "缅因猫",
      "font_class": "mianyinmao",
      "unicode": "e639",
      "unicode_decimal": 58937
    },
    {
      "icon_id": "42056127",
      "name": "无毛猫",
      "font_class": "wumaomao",
      "unicode": "e63a",
      "unicode_decimal": 58938
    },
    {
      "icon_id": "42056128",
      "name": "狸花猫",
      "font_class": "lihuamao",
      "unicode": "e63b",
      "unicode_decimal": 58939
    },
    {
      "icon_id": "42056129",
      "name": "三花猫",
      "font_class": "sanhuamao",
      "unicode": "e63c",
      "unicode_decimal": 58940
    },
    {
      "icon_id": "42056176",
      "name": "田园猫",
      "font_class": "tianyuanmao",
      "unicode": "e63d",
      "unicode_decimal": 58941
    },
    {
      "icon_id": "42056179",
      "name": "英短猫",
      "font_class": "yingduanmao",
      "unicode": "e63e",
      "unicode_decimal": 58942
    },
    {
      "icon_id": "42056187",
      "name": "暹罗猫",
      "font_class": "xianluomao",
      "unicode": "e63f",
      "unicode_decimal": 58943
    },
    {
      "icon_id": "42056191",
      "name": "波斯猫",
      "font_class": "bosimao",
      "unicode": "e640",
      "unicode_decimal": 58944
    },
    {
      "icon_id": "42056217",
      "name": "白猫",
      "font_class": "baimao",
      "unicode": "e641",
      "unicode_decimal": 58945
    },
    {
      "icon_id": "42056220",
      "name": "傻猫",
      "font_class": "shamao",
      "unicode": "e642",
      "unicode_decimal": 58946
    },
    {
      "icon_id": "42056221",
      "name": "眯眯眼猫",
      "font_class": "mimiyanmao",
      "unicode": "e643",
      "unicode_decimal": 58947
    },
    {
      "icon_id": "42056222",
      "name": "猫",
      "font_class": "mao",
      "unicode": "e644",
      "unicode_decimal": 58948
    },
    {
      "icon_id": "42056226",
      "name": "博学猫",
      "font_class": "boxuemao",
      "unicode": "e645",
      "unicode_decimal": 58949
    },
    {
      "icon_id": "3589487",
      "name": "我的世界",
      "font_class": "wodeshijie",
      "unicode": "e65e",
      "unicode_decimal": 58974
    },
    {
      "icon_id": "13253771",
      "name": "github",
      "font_class": "github",
      "unicode": "e603",
      "unicode_decimal": 58883
    },
    {
      "icon_id": "15933094",
      "name": "微信",
      "font_class": "weixin",
      "unicode": "e607",
      "unicode_decimal": 58887
    },
    {
      "icon_id": "39100927",
      "name": "草方块",
      "font_class": "Grass_Block",
      "unicode": "e601",
      "unicode_decimal": 58881
    }
  ]
}
